{"02": {"MMBtu per MWh": 36.0799539503, "Tons CO2 per MWh": 1.8512845306, "Mgal_per_MWh": 0.0002692706}, "01": {"MMBtu per MWh": 11.1947922208, "Tons CO2 per MWh": 0.4525191562, "Mgal_per_MWh": 0.000306671}, "13": {"MMBtu per MWh": 12.5477706423, "Tons CO2 per MWh": 0.5456511621, "Mgal_per_MWh": 0.0005326742}, "15": {"MMBtu per MWh": 13.9572845484, "Tons CO2 per MWh": 0.9281335651, "Mgal_per_MWh": 0.0001686385}, "19": {"MMBtu per MWh": 16.2762790429, "Tons CO2 per MWh": 0.8507489498, "Mgal_per_MWh": 0.0004111536}, "16": {"MMBtu per MWh": 72.3101901615, "Tons CO2 per MWh": 0.8266877003, "Mgal_per_MWh": 0.0002955244}, "17": {"MMBtu per MWh": 11.2195660085, "Tons CO2 per MWh": 0.408027143, "Mgal_per_MWh": 0.0011806218}, "18": {"MMBtu per MWh": 12.9130613642, "Tons CO2 per MWh": 0.9814075014, "Mgal_per_MWh": 0.0006755481}, "20": {"MMBtu per MWh": 14.6480711957, "Tons CO2 per MWh": 0.7629848814, "Mgal_per_MWh": 0.0005847901}, "21": {"MMBtu per MWh": 11.4127878282, "Tons CO2 per MWh": 0.9700149896, "Mgal_per_MWh": 0.0003772256}, "22": {"MMBtu per MWh": 17.1869440377, "Tons CO2 per MWh": 0.7427502131, "Mgal_per_MWh": 0.0004449166}, "25": {"MMBtu per MWh": 18.1542264206, "Tons CO2 per MWh": 0.7562916533, "Mgal_per_MWh": 0.0004138827}, "05": {"MMBtu per MWh": 12.5807848418, "Tons CO2 per MWh": 0.6407792714, "Mgal_per_MWh": 0.0004519206}, "24": {"MMBtu per MWh": 13.5943193262, "Tons CO2 per MWh": 0.6051847332, "Mgal_per_MWh": 0.0007549381}, "23": {"MMBtu per MWh": 30.2519827882, "Tons CO2 per MWh": 0.5154142733, "Mgal_per_MWh": 0.0004372665}, "26": {"MMBtu per MWh": 11.6596649971, "Tons CO2 per MWh": 0.5744414488, "Mgal_per_MWh": 0.0004189728}, "27": {"MMBtu per MWh": 12.6983781417, "Tons CO2 per MWh": 0.5860117266, "Mgal_per_MWh": 0.000940169}, "29": {"MMBtu per MWh": 10.1008988011, "Tons CO2 per MWh": 0.7870604736, "Mgal_per_MWh": 0.0004149587}, "28": {"MMBtu per MWh": 9.646481474, "Tons CO2 per MWh": 0.4572370042, "Mgal_per_MWh": 0.0002677458}, "30": {"MMBtu per MWh": 17.4616968134, "Tons CO2 per MWh": 0.9967850444, "Mgal_per_MWh": 0.0004217716}, "37": {"MMBtu per MWh": 11.5260800039, "Tons CO2 per MWh": 0.4661797704, "Mgal_per_MWh": 0.0004107567}, "38": {"MMBtu per MWh": 12.0659605858, "Tons CO2 per MWh": 0.8726907349, "Mgal_per_MWh": 0.0003044917}, "31": {"MMBtu per MWh": 11.3108116596, "Tons CO2 per MWh": 0.670457519, "Mgal_per_MWh": 0.0003265669}, "04": {"MMBtu per MWh": 10.1365593752, "Tons CO2 per MWh": 0.435742064, "Mgal_per_MWh": 0.0005258771}, "33": {"MMBtu per MWh": 10.6829587069, "Tons CO2 per MWh": 0.1387880143, "Mgal_per_MWh": 0.0002574385}, "34": {"MMBtu per MWh": 11.4019749504, "Tons CO2 per MWh": 0.3315909583, "Mgal_per_MWh": 0.0005536978}, "35": {"MMBtu per MWh": 12.9897002785, "Tons CO2 per MWh": 0.9265803999, "Mgal_per_MWh": 0.0004050942}, "32": {"MMBtu per MWh": 28.8434856928, "Tons CO2 per MWh": 1.2780000475, "Mgal_per_MWh": 0.0010300831}, "36": {"MMBtu per MWh": 14.7601940463, "Tons CO2 per MWh": 0.3164062625, "Mgal_per_MWh": 0.0004974759}, "39": {"MMBtu per MWh": 10.2689003415, "Tons CO2 per MWh": 0.6974801436, "Mgal_per_MWh": 0.0007165231}, "40": {"MMBtu per MWh": 12.3054791256, "Tons CO2 per MWh": 0.5770894696, "Mgal_per_MWh": 0.0003224239}, "41": {"MMBtu per MWh": 78.6395962886, "Tons CO2 per MWh": 1.1593538189, "Mgal_per_MWh": 0.0007404253}, "42": {"MMBtu per MWh": 11.302971322, "Tons CO2 per MWh": 0.4497968884, "Mgal_per_MWh": 0.0004645556}, "44": {"MMBtu per MWh": 10.0296331267, "Tons CO2 per MWh": 0.5093132739, "Mgal_per_MWh": 0.000292623}, "06": {"MMBtu per MWh": 16.789055593, "Tons CO2 per MWh": 0.423672476, "Mgal_per_MWh": 0.0002956372}, "45": {"MMBtu per MWh": 11.6963886591, "Tons CO2 per MWh": 0.3138532455, "Mgal_per_MWh": 0.0006526986}, "46": {"MMBtu per MWh": 67.0469669707, "Tons CO2 per MWh": 1.8238443817, "Mgal_per_MWh": 0.0005949832}, "47": {"MMBtu per MWh": 14.0579253759, "Tons CO2 per MWh": 0.6377603667, "Mgal_per_MWh": 0.0003661544}, "48": {"MMBtu per MWh": 12.7814249684, "Tons CO2 per MWh": 0.6723191781, "Mgal_per_MWh": 0.0003117203}, "49": {"MMBtu per MWh": 9.0240575481, "Tons CO2 per MWh": 0.69750339, "Mgal_per_MWh": 0.000415273}, "51": {"MMBtu per MWh": 15.5364209775, "Tons CO2 per MWh": 0.59816742, "Mgal_per_MWh": 0.0003025715}, "50": {"MMBtu per MWh": 45.2889146067, "Tons CO2 per MWh": 0.0259011236, "Mgal_per_MWh": 0.0005170955}, "53": {"MMBtu per MWh": 43.577785007, "Tons CO2 per MWh": 0.3840383003, "Mgal_per_MWh": 0.0006739579}, "55": {"MMBtu per MWh": 11.6140023808, "Tons CO2 per MWh": 0.7038570602, "Mgal_per_MWh": 0.0004694902}, "54": {"MMBtu per MWh": 11.3635018249, "Tons CO2 per MWh": 1.0108215722, "Mgal_per_MWh": 0.0004846823}, "08": {"MMBtu per MWh": 12.6276423139, "Tons CO2 per MWh": 0.8534675709, "Mgal_per_MWh": 0.0004038041}, "56": {"MMBtu per MWh": 14.6151716176, "Tons CO2 per MWh": 1.2407430139, "Mgal_per_MWh": 0.000379501}, "09": {"MMBtu per MWh": 11.1158182888, "Tons CO2 per MWh": 0.2767788659, "Mgal_per_MWh": 0.0003565288}, "11": {"MMBtu per MWh": 0.0, "Tons CO2 per MWh": 0.0, "Mgal_per_MWh": null}, "10": {"MMBtu per MWh": 15.0739328859, "Tons CO2 per MWh": 0.7706504769, "Mgal_per_MWh": 0.0009231239}, "12": {"MMBtu per MWh": 9.5625672049, "Tons CO2 per MWh": 0.4764692653, "Mgal_per_MWh": 0.0003062598}}