{"06": 6.536124, "17": 10.9888923, "48": 14.2864641, "04": 11.3246323, "12": 11.4114591, "36": 7.4511448, "32": 7.838570600000001, "53": 12.2079557, "26": 10.516775399999998, "25": 1.6778163000000001, "42": 11.3651923, "39": 12.957375800000001, "27": 12.0445046, "51": 13.3439029, "49": 9.9133863, "37": 13.233084100000001, "24": 10.1836408, "13": 13.3912477, "29": 12.9068771, "15": 6.6112567, "55": 12.0799138, "09": 8.0639995, "18": 15.632304900000001, "34": 8.3933926, "47": 15.153003199999999, "41": 11.5882226, "40": 15.688166900000002, "21": 16.806059700000002, "08": 9.9097648, "11": 16.4516261, "35": 17.3319629, "01": 18.1512855, "44": 7.1147049, "20": 14.0350569, "10": 11.9597186, "31": 9.7086186, "45": 16.044436700000002, "19": 15.4689289, "22": 19.5154921, "16": 13.727739900000001, "33": 8.1684176, "05": 15.4567836, "02": 8.257610699999999, "23": 40.2004237, "28": 16.4299302, "46": 14.0788609, "54": 17.5410155, "38": 39.970127600000005, "50": 8.8496264, "30": 13.5758134, "56": 28.3032774}
